1	c4055445958e4297a7597bad46a9513f	bench-1	bench-2	1787580174.346
2	b55c8f463529462d9d5adf51d98e88c4	bench-2	bench-3	1787580174.348
3	63b7789db464444092f30fac5853547e	bench-3	bench-4	1787580174.352
4	8ff0797a6ca54863b521e479547b4f84	bench-4	bench-5	1787580174.353
5	91d9b1021f7545679cad3010c8e30420	bench-5	bench-6	1787580174.354
6	63ea99210cec4ad99bfc84735a659732	bench-6	bench-7	1787580174.355
7	d413905f125e4fb8ac0c95fd14677606	bench-7	bench-8	1787580174.355
8	de12253961a04051b1896ddb8779c4cb	bench-8	bench-9	1787580174.356
9	ad9e4d9b059b46929bbaf659618ce468	bench-9	bench-10	1787580174.361
10	eb4eba34dc4048ba89ec57e5a8de3e80	bench-10	bench-1	1787580174.362
11	9286660efc4c4f21bf1993175566b050	bench-1	bench-2	1787580174.363
12	455f2ae1b3bf442fb597fe1b863b1bb7	bench-2	bench-3	1787580174.364
13	1416a46923f04a1d9fdae4a0ece412f2	bench-3	bench-4	1787580174.366
14	0113a524491c4d94b8c9156d49c7b101	bench-4	bench-5	1787580174.369
15	93e9a09e99fa481b9a0633ce1afa36f5	bench-5	bench-6	1787580174.372
16	1f52becd9fb94550944e6ec37e2427d2	bench-6	bench-7	1787580174.375
17	2c24dea4e2654f6e99bb430f3234bf0d	bench-7	bench-8	1787580174.383
18	cd72143e1d8e4c06b5776afba350797f	bench-8	bench-9	1787580174.386
19	65cbec9a6a2e47d9819c100c29d7da39	bench-9	bench-10	1787580174.387
20	5058af0556c54dc9ac12d17d96c7dae5	bench-10	bench-1	1787580174.396
