1	47dd81719eee4448b5441e6c2aa98696	bench-1	bench-2	1787587697.658
2	4f0b8ee24d454b9cacca5ad792e275b8	bench-2	bench-3	1787587697.669
3	50fd59b8d5d54146951b549fd71a8da7	bench-3	bench-4	1787587697.675
4	0b3154bbcb2349acb1fe83ecb583b6e3	bench-4	bench-5	1787587697.692
5	310b8426f4d148298eab44f4487d8913	bench-5	bench-6	1787587697.736
6	552f62687c7b486988fb81e455138040	bench-6	bench-7	1787587697.753
7	9de781f7be214ec6b5640d6baff63d40	bench-7	bench-8	1787587697.762
8	687abb4999f94aeebf73b1764f9bf422	bench-8	bench-9	1787587697.776
9	4266356983b448bdb3d7900481829a02	bench-9	bench-10	1787587697.861
10	bb43fc686a8c4ea3b1b537149b2f55ca	bench-10	bench-1	1787587697.897
11	9a265010848345b78b76a8bdf97d405a	bench-1	bench-2	1787587697.955
12	09072bf499cf4f158423588bf6a74b47	bench-2	bench-3	1787587697.985
13	3680906a5aab405f831e7ba3cc770d84	bench-3	bench-4	1787587697.998
14	8daefe16961946f0b28261b64c2850ee	bench-4	bench-5	1787587698.128
15	ee3ebdcc31be492b9b5d5100f580b145	bench-5	bench-6	1787587698.145
16	7049839214744aafb577967f89d4725c	bench-6	bench-7	1787587698.181
17	ceec7e93aa914ee6a63d10e5cecea542	bench-7	bench-8	1787587698.214
18	8518aea499bb43cca60eccf220cf78bf	bench-8	bench-9	1787587698.229
19	ff46b1bb937e4816bd767e8c082265c9	bench-9	bench-10	1787587698.236
20	79b14eec0ff849baa0f98cf33caa7f4d	bench-10	bench-1	1787587698.243
