1	37dcc6d7dc56431c98e6d76f87ddee44	bench-1	bench-2	1787587237.924
2	6901c51de244456192e730072858e853	bench-2	bench-3	1787587237.926
3	f391bffb1bf64ab98ab73306f6d7888b	bench-3	bench-4	1787587237.927
4	fa22b041f3c7427ca8ec6da671d53c8a	bench-4	bench-5	1787587237.936
5	f8001e614b7946c38d706894976553f8	bench-5	bench-6	1787587237.95
6	a83f340ee1b144b7a7bfb1c480112e9d	bench-6	bench-7	1787587237.951
7	4eb0e3d984b2401399dd2df9125e83c7	bench-7	bench-8	1787587237.954
8	6c5c34ea068346229d5920200d3f08a1	bench-8	bench-9	1787587237.955
9	5c88b7881dd04e1a8f02c9f2d92e4f20	bench-9	bench-10	1787587237.958
10	3e45476efe4e447aaae0e65af0fd627d	bench-10	bench-1	1787587237.959
11	24bbfcaf183f46faa70a7617d146a213	bench-1	bench-2	1787587237.96
12	b970f9d280d946e6b1071adaadda8b63	bench-2	bench-3	1787587237.96
13	858f9fa2f5d341179237e47017592263	bench-3	bench-4	1787587237.961
14	aa03d0892f4f4c1ba3a63672417c9738	bench-4	bench-5	1787587237.962
15	a5744c29f5114b86b4b5b04d2900da2f	bench-5	bench-6	1787587237.97
16	dc1eeab4f5cb4ffca373dc37be54a69a	bench-6	bench-7	1787587237.971
17	00418c6b26bd467c8c368db0dfa0fc16	bench-7	bench-8	1787587237.972
18	9ce94d30f2f3478b865374c4570f586c	bench-8	bench-9	1787587237.974
19	da79a2c86e624711815db327c1766272	bench-9	bench-10	1787587237.98
20	fcdfea91f6e24956a9c0b4b2c51a76ea	bench-10	bench-1	1787587237.982
21	1d78de3c972c4c43a62a46d3c5690c2f	bench-1	bench-2	1787587249.075
22	b2035eedec1e4fba846992c98faaf7c4	bench-2	bench-3	1787587249.093
23	918df048842242cba97cdf6233346b63	bench-3	bench-4	1787587249.107
24	51a96dbd80764bada2a2b73edb27d53d	bench-4	bench-5	1787587249.133
25	354364576e2846e78afd760a8e4f1dd7	bench-5	bench-6	1787587249.145
26	8fdaeebaf88749f9ba614b25a0c0343e	bench-6	bench-7	1787587249.159
27	9e7b2500d33045c0b59a4bc6a5b512d2	bench-7	bench-8	1787587249.17
28	17f7bf1e24cf420d86b60affacb65aa0	bench-8	bench-9	1787587249.172
29	c1f2c5072ffb443e8fce659142dce13c	bench-9	bench-10	1787587249.19
30	c7d4fed6879b4b6bacf61c5ccbe98ede	bench-10	bench-11	1787587249.191
31	6f8f5457997241f8a8933a151e210efe	bench-11	bench-12	1787587249.192
32	b5b01bf06d4048cfb9076bc3f61fcb44	bench-12	bench-13	1787587249.193
33	70055a455ba242fa83d4e9a0773498d8	bench-13	bench-14	1787587249.194
34	62788b0e880b4e32bf063139f291f4d8	bench-14	bench-15	1787587249.195
35	cbba88d61bde416789e204120aa5077e	bench-15	bench-16	1787587249.216
36	a593e1af8a474770955f77dfb60d6343	bench-16	bench-17	1787587249.224
37	7d62bee1379d49c79da4ff0c2633ff3e	bench-17	bench-18	1787587249.225
38	129102e278f9481db859c095f6d24230	bench-18	bench-19	1787587249.226
39	69d18f03864d469cb385b0b2486f5c92	bench-19	bench-20	1787587249.227
40	915a18b57dc84474b60f8c83e77f6f46	bench-20	bench-21	1787587249.244
41	856176e67b4d459dab092d816aa2b652	bench-21	bench-22	1787587249.245
42	37e8fd8d6a6c4951989a5c514d841dc9	bench-22	bench-23	1787587249.256
43	be097ede5f66480099782732f90fa577	bench-23	bench-24	1787587249.27
44	73924dfbe44b486e973b43b462387aa2	bench-24	bench-25	1787587249.303
45	6cb0d08988084900ad3fd4e11f8cdb03	bench-25	bench-26	1787587249.386
46	e9d11d5f47f34ece92c81e5054e9c7aa	bench-26	bench-27	1787587249.442
47	2f91149c76eb4b219d35c3c56ba308e7	bench-27	bench-28	1787587249.456
48	01bea100655148d7bc69a6d3255f3362	bench-28	bench-29	1787587249.488
49	9ddd9dff8cfe4a7c854ab351ecfd5503	bench-29	bench-30	1787587249.504
50	cbb44a95284541e6a30e4a8c193538f9	bench-30	bench-31	1787587249.58
51	e6e5eaa5e9bb429e992d8b1071d5d421	bench-31	bench-32	1787587249.636
52	9c54410a6c9f4dbc955b0af30d34524a	bench-32	bench-33	1787587249.665
53	d8e0223f20d74ce6b64bb87c22ca028d	bench-33	bench-34	1787587249.675
54	d51b5cdabf0f42b392ae93b8fd5b72ba	bench-34	bench-35	1787587249.697
55	8f182ce4d9fb41289da54cf54778da45	bench-35	bench-36	1787587249.718
56	e8912baece334f55bdaa8bd838f3dd2a	bench-36	bench-37	1787587249.756
57	e9d622f90db54c9f83b096545c3aaf77	bench-37	bench-38	1787587249.8
58	12dc4ec8bc0c496c84054b2bb42347b7	bench-38	bench-39	1787587249.837
59	94f0a4dbeb1847338ac7b377ef6e41c2	bench-39	bench-40	1787587249.87
60	0dbc768c0fb747f1abfb2e78ae79fa34	bench-40	bench-41	1787587249.89
61	2e6e3fcd96134256a1fe63914b239dc4	bench-41	bench-42	1787587249.935
62	174b661b95674858b6c4bec77979ab1c	bench-42	bench-43	1787587249.987
63	71dcd0d8263147ca8322bef4951d9320	bench-43	bench-44	1787587249.989
64	bbef31b468bd4237bd94f86e4587419f	bench-44	bench-45	1787587250.03
65	3e6776aa1b814342918fb31e242f77d8	bench-45	bench-46	1787587250.053
66	2e58f61c641b4b57b8ea6c5981dbd4dd	bench-46	bench-47	1787587250.099
67	e89ab409649045a9b6a0e9a497d1fb82	bench-47	bench-48	1787587250.113
68	afcbc69bc6604a75be52d41028767e02	bench-48	bench-49	1787587250.156
69	a7432dc9f92347a193672019671bee6a	bench-49	bench-50	1787587250.175
70	a48a3ab4473b4fb8a5a8bc2d754984b8	bench-50	bench-51	1787587250.203
71	267eb01bd4fe4d39b63ecef13ca7825d	bench-51	bench-52	1787587250.233
72	b07a25edbbff4d269a9b5bea23c0ac19	bench-52	bench-53	1787587250.242
73	4b5e58ddb3884f39948474bbc24e85f3	bench-53	bench-54	1787587250.267
74	382cdbb9392b4b9ea2e404d1d260a00a	bench-54	bench-55	1787587250.31
75	a5d6f16a28ed40eb8dd386ab4448cb1c	bench-55	bench-56	1787587250.322
76	c4cbe29363db47bfa648da9dabafbae4	bench-56	bench-57	1787587250.345
77	9eeeabc569ba458d86bbff94f3c9fffe	bench-57	bench-58	1787587250.367
78	712b90e792a344748f1621d58e0f55a4	bench-58	bench-59	1787587250.405
79	e4d87d43255f48bfb38011727cdb44e2	bench-59	bench-60	1787587250.437
80	74b7f77e949f4a4b8b7ea51954abbe5a	bench-60	bench-61	1787587250.509
81	f2b730e60cea470d864e543d46249ff5	bench-61	bench-62	1787587250.523
82	c97e3daf77c746d7951d46f6d764d906	bench-62	bench-63	1787587250.564
83	771f1d40eee64ff2bbb954c9855fae38	bench-63	bench-64	1787587250.643
84	60510c38d717465285da67919f22eef6	bench-64	bench-65	1787587250.671
85	14884832fe234471ac8146ff1d52d393	bench-65	bench-66	1787587250.678
86	51d671dde06e44d1b0be92003d4b3ba1	bench-66	bench-67	1787587250.747
87	23cb8f0fc9734c1281c6d15a08306e41	bench-67	bench-68	1787587250.769
88	ca5473e1a578490ca809aea71952de0b	bench-68	bench-69	1787587250.773
89	c5580d7ca0c741cab5cd4bcff54676a6	bench-69	bench-70	1787587250.777
90	084c9fcb91ad44b9b547046d8e5e3455	bench-70	bench-71	1787587250.781
91	fbc966c67c7b4a39ac4d08bc20e574f3	bench-71	bench-72	1787587250.801
92	b37a261253e04ac0b33ffb90cdacf5aa	bench-72	bench-73	1787587250.828
93	917b66e43712402f9a8d91a2065374d5	bench-73	bench-74	1787587250.833
94	2af4824095ce4a1ab7e67896a6db216b	bench-74	bench-75	1787587250.834
95	18e35a053d814a8ba9f4d9724884bd61	bench-75	bench-76	1787587250.835
96	e248ba9ee01d40f89a7e9d55e155c48b	bench-76	bench-77	1787587250.855
97	b36d08986c5b41cebc8fc41edbf1ff5c	bench-77	bench-78	1787587250.856
98	3a27ca2808dd49338adfb9bb8c439c62	bench-78	bench-79	1787587250.87
99	5375b30a8e7e40cca803ef3f90ff0bf0	bench-79	bench-80	1787587250.876
100	e1a1d3d3b92a43dd8c317a9c3706b976	bench-80	bench-81	1787587250.892
101	a2bb114b5bc549e0afa4b8e90371066a	bench-81	bench-82	1787587250.926
102	1abf38d1423a425c82b9d38e28e725fc	bench-82	bench-83	1787587250.971
103	b3278981718e4fcc8437fd407188905d	bench-83	bench-84	1787587251.057
104	a451cc88282f4415a4eefa9899d891d9	bench-84	bench-85	1787587251.058
105	4910d151793c4bc98aeedd0b99f08501	bench-85	bench-86	1787587251.059
106	9204c4b3b3c34dd2b74a0869cb7a0cf5	bench-86	bench-87	1787587251.181
107	3c29df56faf04fb6aa0a5ff2a8a0fa38	bench-87	bench-88	1787587251.233
108	1e62ff2230f04efcaad3faafe3b75742	bench-88	bench-89	1787587251.256
109	d58a0680b6a64b72b648ff389862a134	bench-89	bench-90	1787587251.293
110	1979f6d6a33e421d97665db6c5116dd2	bench-90	bench-91	1787587251.388
111	7e264656b24742d1b48eac0d08468903	bench-91	bench-92	1787587251.442
112	659c23aa71444bef9b2a180fcfa10869	bench-92	bench-93	1787587251.464
113	572f2d2d1c124417adc3b5b02b7181cd	bench-93	bench-94	1787587251.49
114	25f96cf0788e4805863b02f2e66a4b40	bench-94	bench-95	1787587251.491
115	61cb0049f5444071a4ca9bff2a5304db	bench-95	bench-96	1787587251.535
116	0ba676abc2ea433f8b72db341ff07ee8	bench-96	bench-97	1787587251.56
117	64bb6c34ef4f40e49583ae2ffd740867	bench-97	bench-98	1787587251.587
118	07378283577f4a80b36e98e9da7053d2	bench-98	bench-99	1787587251.597
119	0282831aa94f4fc28ba30d1c571e08bf	bench-99	bench-100	1787587251.598
120	c61d6fdcef0a441bbff57d7b0f8cdd00	bench-100	bench-1	1787587251.604
121	fc59cc4c4f294a5babd3e2fadbe672e8	bench-1	bench-2	1787587251.613
122	bb8d1e6de16a42e8966459b5a73c8b80	bench-2	bench-3	1787587251.622
123	c057529f170b4222aaab0334bbd2fb5d	bench-3	bench-4	1787587251.623
124	e90b5b813b674c78be926d882b06a633	bench-4	bench-5	1787587251.639
125	fb9d8bef7dba4c2c9658d13a0e24c268	bench-5	bench-6	1787587251.657
126	5d0e96610a34447cb578e3066f787f55	bench-6	bench-7	1787587251.775
127	2868a8862b574790b75748a2bf031821	bench-7	bench-8	1787587251.851
128	f5557578aab14a5a951320067e250d8a	bench-8	bench-9	1787587251.852
129	41f67b78313c4c31bbdcf051feedfb5d	bench-9	bench-10	1787587251.998
130	6ff065509dae4827acebf221950eaaa7	bench-10	bench-11	1787587252.17
131	b8ebd1e9911f452d84c702f2ef6aee69	bench-11	bench-12	1787587252.283
132	49a35be4a0084fc4a18d89f3bda804f6	bench-12	bench-13	1787587252.336
133	635fc1b30efd43198bf915bc8f352146	bench-13	bench-14	1787587252.571
134	47f09b480b1e4565a5c1e8c6da079f20	bench-14	bench-15	1787587252.606
135	03bf582df6dd4696978deda54ae0727e	bench-15	bench-16	1787587252.638
136	6361039c3ed049c1b142d32fe9a1565f	bench-16	bench-17	1787587252.678
137	ac21f4ccfce844808df697557f38f336	bench-17	bench-18	1787587252.735
138	24424a029ef14db0905acb1599ce7583	bench-18	bench-19	1787587252.764
139	5dd75a91c84046218979d5f99654dfe5	bench-19	bench-20	1787587252.765
140	3686df985b5a40e991ea4b076fc4d677	bench-20	bench-21	1787587252.777
141	b919dd2daf3746ae828b07454f558efe	bench-21	bench-22	1787587252.788
142	cda69bf3861749e09e849e9b725d052a	bench-22	bench-23	1787587252.793
143	cf07f9bd0daf434db9834a16251f2f69	bench-23	bench-24	1787587252.795
144	0ed32b9c7f7a47df97479555e1da09ed	bench-24	bench-25	1787587252.83
145	78728dbe88164ccaa5c490ca680afb6d	bench-25	bench-26	1787587252.851
146	fc8b9f8914b54308a2b60145c55128dd	bench-26	bench-27	1787587252.866
147	ed41299e1a4e4f6ebe8528495ebcb0f1	bench-27	bench-28	1787587252.894
148	d405a7ed5d0f4ff2b4d5511247b10b37	bench-28	bench-29	1787587252.925
149	a96a417bebfb4b5dbcc5d8183b262dba	bench-29	bench-30	1787587252.951
150	ff633cecb70b4e87a8e3b9968f359071	bench-30	bench-31	1787587252.971
151	c8b4d4f5c96648c5961e67fe8b9a0038	bench-31	bench-32	1787587253.011
152	125a0db1ecee4ae0aefdf21105dfa1af	bench-32	bench-33	1787587253.046
153	cf9ca4162ef74ed38a11c21a61df35a5	bench-33	bench-34	1787587253.1
154	f83335b890234429a5b62bba39a0c48e	bench-34	bench-35	1787587253.111
155	1f6099989e884d7ca09bcd127e54ba18	bench-35	bench-36	1787587253.113
156	095a1518bba245198d11d620899e9249	bench-36	bench-37	1787587253.118
157	b3d066c6f3da4244a72fdab1c6b4e4c3	bench-37	bench-38	1787587253.125
158	e280878adb39430b9435b688e8e226d8	bench-38	bench-39	1787587253.134
159	10a7e0b218004370a664e506b90c0fe8	bench-39	bench-40	1787587253.137
160	f40aa4588a2c40bba81a5d2674ca374d	bench-40	bench-41	1787587253.144
161	66d8657716d3489ab3d66ef8bf378947	bench-41	bench-42	1787587253.158
162	1d202e54994f44e5a9ba1016957ab533	bench-42	bench-43	1787587253.163
163	b125774c64e74b3a912b8d62635565eb	bench-43	bench-44	1787587253.166
164	e371c9fc6faf4093b6feb4f89769a7f3	bench-44	bench-45	1787587253.17
165	b7341f4423ef479e9be05837859f32c3	bench-45	bench-46	1787587253.177
166	05d1d47ec82340b5be974dd76fb026a9	bench-46	bench-47	1787587253.178
167	1bc78be6053b4700b763e60f565fbbd3	bench-47	bench-48	1787587253.179
168	3864539a3c1d4d94bc75bb1d2fca3804	bench-48	bench-49	1787587253.189
169	3d1cd8929d4e4836b50cadce4f1c6108	bench-49	bench-50	1787587253.19
170	cae3f86de4944697bd36f4e387f9ff3d	bench-50	bench-51	1787587253.191
171	21594002f2a043ba995cd98254f1e3f2	bench-51	bench-52	1787587253.192
172	88984c93889745c3a01db0f0b6baf04b	bench-52	bench-53	1787587253.2
173	fe09917482f045c982fa7005cbb5acd2	bench-53	bench-54	1787587253.204
174	30c7720a15e14008bb288dbab082992d	bench-54	bench-55	1787587253.208
175	56f2b1d3cecf470a9d7a4722ca99ae75	bench-55	bench-56	1787587253.211
176	942510b001614f28ba8d668a3418bd7c	bench-56	bench-57	1787587253.217
177	9164b15c43a24955b4f6ec82944149f1	bench-57	bench-58	1787587253.22
178	186f5c01946e490185053af7fae61e92	bench-58	bench-59	1787587253.224
179	6c9ce6a39b3849afbe3d8436b88c9518	bench-59	bench-60	1787587253.226
180	e210eb75ccda4bb08b0e57ea60aa6e7a	bench-60	bench-61	1787587253.229
181	3b04dd3911d54b9583e88d2c67875445	bench-61	bench-62	1787587253.23
182	c0418a74bdcc4949b1a70051a0ad8ee0	bench-62	bench-63	1787587253.238
183	5e6c8891ce7d47a9bdfa817390358895	bench-63	bench-64	1787587253.241
184	d8cd82b8c2ff44d4928f7ea5c546972f	bench-64	bench-65	1787587253.247
185	aefee031545742759cf97e6d3a611704	bench-65	bench-66	1787587253.251
186	2d2c160fba15478585cf6275d779304b	bench-66	bench-67	1787587253.257
187	f86068650d874d729e82a765e9b98912	bench-67	bench-68	1787587253.258
188	db3e572cd95f449eb17738355f3ad43f	bench-68	bench-69	1787587253.258
189	a6d4306d42604678b490ff553e2f929f	bench-69	bench-70	1787587253.259
190	90c987a2b5034344a9553c6a46f45650	bench-70	bench-71	1787587253.264
191	1bbcca7d659e4c489a811a820939c1c4	bench-71	bench-72	1787587253.265
192	6077ce33931d42b8a547c2e87a0697b4	bench-72	bench-73	1787587253.266
193	de941b1c12af4436a1501c25e48883a3	bench-73	bench-74	1787587253.267
194	d444f45f8bb54cd599c15bdd1715e646	bench-74	bench-75	1787587253.274
195	2c2511af3eb646a4b84d788d0b197851	bench-75	bench-76	1787587253.279
196	7117d1958a0f4c2e8a953c28a3cba550	bench-76	bench-77	1787587253.285
197	42a7d85539764f20b1f9e74cdc15f31f	bench-77	bench-78	1787587253.286
198	f8801ab1add641ba879af4e63d639272	bench-78	bench-79	1787587253.288
199	1e93a93f71a947878f9d4ef637e7b34f	bench-79	bench-80	1787587253.288
200	cf5ac34dc4964177b200b36e266daa7a	bench-80	bench-81	1787587253.289
201	7ce3f5f0616144368f2e3019b9c45218	bench-81	bench-82	1787587253.29
202	a1b55475c5c548c0bf0eaab02c5fdd82	bench-82	bench-83	1787587253.291
203	cb34550b3b7d4e6f8e2df16925e3bd48	bench-83	bench-84	1787587253.291
204	18b972f8d8b146b9b66f0da69de9f115	bench-84	bench-85	1787587253.293
205	80a49936e4bc4d3baad432dfc56ba14c	bench-85	bench-86	1787587253.295
206	010015fbc04241458bbce9b95a736cdf	bench-86	bench-87	1787587253.296
207	28e19be402af4990b7dbfcdec3e2ff87	bench-87	bench-88	1787587253.298
208	6749f8f6f1f24c259c06c93a3635304f	bench-88	bench-89	1787587253.299
209	e64ca8e93af0476691628542b3c835f7	bench-89	bench-90	1787587253.301
210	f39507dd591a44b487592110e48c1987	bench-90	bench-91	1787587253.302
211	05cda7c7bd154a9dbd16adbb77ba8e1e	bench-91	bench-92	1787587253.304
212	0d02dc10bbc64e7bb24ae1c562351caf	bench-92	bench-93	1787587253.305
213	647f371a52824c75a9db773157f5dda8	bench-93	bench-94	1787587253.307
214	286dc5de9bcd44149e1a338fa12a0158	bench-94	bench-95	1787587253.312
215	4a3588d289c9468bbe5e9b9b01925bf7	bench-95	bench-96	1787587253.319
216	d378900b1c884e8dbfca2d8cbb039a2b	bench-96	bench-97	1787587253.32
217	6c6bba37f71142dabfc3405bbef299ef	bench-97	bench-98	1787587253.321
218	bf313a0c1d5f4774b73b00902887731d	bench-98	bench-99	1787587253.321
219	2911986272ef478b92c5bc682dcfbf00	bench-99	bench-100	1787587253.322
220	dcf20593a4774749a0212549a04310b8	bench-100	bench-1	1787587253.325
221	66c6b1459d264f639cf5a9f85e018d65	bench-1	bench-2	1787587378.92
222	d6f75943d2a44c24b22b67fc93deb35e	bench-2	bench-3	1787587378.926
223	be483077e1ee4f8d97d24fb410970219	bench-3	bench-4	1787587378.938
224	58b83d812dbd4a7a852dfb848c1ba8f0	bench-4	bench-5	1787587378.956
225	810c03ea53bc4b23ab3607508d512d49	bench-5	bench-6	1787587378.976
226	3e967f686c7342838b552524004b7240	bench-6	bench-7	1787587378.983
227	807e4c586f754c68a6f5da768ef13cd2	bench-7	bench-8	1787587378.991
228	72a35fc693014f739445695598e846cc	bench-8	bench-9	1787587379.02
229	284c902f2bed4128bbb929de716390eb	bench-9	bench-10	1787587379.022
230	1cfd9ab392c74aefbde57171d2084744	bench-10	bench-1	1787587379.026
231	3c407403cde445be915acac4bd4d7a9e	bench-1	bench-2	1787587379.029
232	8ad56ed685b047f78ef8c39bf0216f80	bench-2	bench-3	1787587379.034
233	47857c114dd04faea43c2261629161c2	bench-3	bench-4	1787587379.039
234	5505a0e3a0204bce936fad15cf50b5e0	bench-4	bench-5	1787587379.042
235	d8a7a57f8f494907a11fd18c671e5d97	bench-5	bench-6	1787587379.043
236	9a461d2ac4414a01886a07fd27ec9c02	bench-6	bench-7	1787587379.058
237	437e7d082f1b4d4a89e5794b6704e6a8	bench-7	bench-8	1787587379.06
238	c98b66caa49a43a5a2e6855bcc1bff3f	bench-8	bench-9	1787587379.098
239	851fef1e0c504b999632fa4d6680f4c2	bench-9	bench-10	1787587379.108
240	d388e47c98f94e9f83cf0a6d47c9f3bb	bench-10	bench-1	1787587379.117
